eglanister0,Elberta,Glanister,eglanister0@photobucket.com,687
sswannie1,Suzanna,Swannie,sswannie1@ucla.edu,143
drosenfelt2,Dom,Rosenfelt,drosenfelt2@google.co.jp,687
rbagnall3,Royce,Bagnall,rbagnall3@ustream.tv,687
ijohnstone4,Irving,Johnstone,ijohnstone4@slashdot.org,687
ealloisi5,Evvie,Alloisi,ealloisi5@nymag.com,123
djohnston6,Drucill,Johnston,djohnston6@canalblog.com,123
dsabben7,Doreen,Sabben,dsabben7@cdc.gov,243
ddudbridge8,Dollie,Dudbridge,ddudbridge8@tiny.cc,123
cwalkden9,Cherlyn,Walkden,cwalkden9@github.io,243
cpictona,Cortie,Picton,cpictona@g.co,243
tpalferyb,Taber,Palfery,tpalferyb@acquirethisname.com,687
dveckc,Dominica,Veck,dveckc@europa.eu,143
mspinneyd,Meaghan,Spinney,mspinneyd@jalbum.net,687
bwindridgee,Brynn,Windridge,bwindridgee@chicagotribune.com,123
icrassf,Isa,Crass,icrassf@cornell.edu,123
millstong,Marchall,Illston,millstong@latimes.com,200
mwitulh,Misty,Witul,mwitulh@ycombinator.com,143
iaxelbyi,Iggy,Axelby,iaxelbyi@homestead.com,123
jaugustinej,Jemmy,Augustine,jaugustinej@wikipedia.org,200
gparrotk,Gwenni,Parrot,gparrotk@boston.com,143
gclemenzal,Georgetta,Clemenza,gclemenzal@acquirethisname.com,123
smoulsdalem,Sydney,Moulsdale,smoulsdalem@google.com.br,123
mgilburtn,Malvina,Gilburt,mgilburtn@list-manage.com,200
byurevicho,Briggs,Yurevich,byurevicho@t.co,123
lruskep,Leticia,Ruske,lruskep@scribd.com,123
abruckmanq,Ambrose,Bruckman,abruckmanq@altervista.org,243
hcharkerr,Hamlin,Charker,hcharkerr@printfriendly.com,123
dtroughtons,Debera,Troughton,dtroughtons@sciencedirect.com,243
dqualtrought,Dominique,Qualtrough,dqualtrought@mac.com,123
ffarnworthu,Flemming,Farnworth,ffarnworthu@moonfruit.com,123
cravillasv,Carissa,Ravillas,cravillasv@myspace.com,243
gmowsdillw,Gale,Mowsdill,gmowsdillw@ft.com,123
dshephardx,Dewey,Shephard,dshephardx@e-recht24.de,200
ewarwickery,Eddie,Warwicker,ewarwickery@youku.com,123
blehenmannz,Baily,Lehenmann,blehenmannz@alexa.com,123
mvereker10,Marena,Vereker,mvereker10@tripadvisor.com,200
eduthy11,Enrique,Duthy,eduthy11@cbsnews.com,123
grundall12,Giffer,Rundall,grundall12@bbc.co.uk,687
emathias13,Evanne,Mathias,emathias13@icio.us,243
egurge14,Elbert,Gurge,egurge14@wordpress.org,200
vaime15,Velma,Aime,vaime15@github.io,200
iduerden16,Isadore,Duerden,iduerden16@drupal.org,143
amangan17,Alika,Mangan,amangan17@bbc.co.uk,200
rdoog18,Rosalie,Doog,rdoog18@webnode.com,200
cfydo19,Corrine,Fydo,cfydo19@yandex.ru,143
ljellings1a,Livia,Jellings,ljellings1a@opensource.org,123
mgouldthorpe1b,Moritz,Gouldthorpe,mgouldthorpe1b@blinklist.com,687
fsivess1c,Florella,Sivess,fsivess1c@123-reg.co.uk,200
vbountiff1d,Val,Bountiff,vbountiff1d@people.com.cn,200
djennions1e,Dasie,Jennions,djennions1e@foxnews.com,123
cchilde1f,Cos,Childe,cchilde1f@indiatimes.com,243
fyoungman1g,Frederigo,Youngman,fyoungman1g@fotki.com,123
tmollison1h,Teri,Mollison,tmollison1h@nhs.uk,200
fagget1i,Felisha,Agget,fagget1i@paginegialle.it,687
rfrantzeni1j,Ruggiero,Frantzeni,rfrantzeni1j@linkedin.com,243
olilie1k,Orran,Lilie,olilie1k@so-net.ne.jp,687
rcluet1l,Rora,Cluet,rcluet1l@ustream.tv,243
ibenedetti1m,Illa,Benedetti,ibenedetti1m@springer.com,687
awilder1n,Arie,Wilder,awilder1n@illinois.edu,243
scourtliff1o,Stafford,Courtliff,scourtliff1o@eventbrite.com,243
klukash1p,Kirbee,Lukash,klukash1p@dell.com,243
eatcheson1q,Ericka,Atcheson,eatcheson1q@macromedia.com,123
jmalek1r,Jenda,Malek,jmalek1r@unc.edu,687
ddat1s,Demetrius,Dat,ddat1s@nationalgeographic.com,687
ldunleavy1t,Leonanie,Dunleavy,ldunleavy1t@businessweek.com,123
adumpleton1u,Arlen,Dumpleton,adumpleton1u@ycombinator.com,243
sbaugham1v,Silvana,Baugham,sbaugham1v@mediafire.com,200
mdenley1w,Marietta,Denley,mdenley1w@who.int,143
ccona1x,Carmita,Cona,ccona1x@icio.us,123
rolagene1y,Rowland,O'Lagene,rolagene1y@bbc.co.uk,143
dpalek1z,Dallon,Palek,dpalek1z@sogou.com,143
dglassopp20,Dena,Glassopp,dglassopp20@gnu.org,200
fgreaser21,Frannie,Greaser,fgreaser21@bloglovin.com,687
afranies22,Aland,Franies,afranies22@cpanel.net,143
bclyne23,Brewer,Clyne,bclyne23@netlog.com,123
ekensit24,Elvyn,Kensit,ekensit24@craigslist.org,200
mbouchier25,Martie,Bouchier,mbouchier25@mayoclinic.com,200
rlanphere26,Rozanna,Lanphere,rlanphere26@cyberchimps.com,687
pbrixey27,Philippe,Brixey,pbrixey27@1688.com,687
anorcliffe28,Adrien,Norcliffe,anorcliffe28@xrea.com,200
ipantry29,Imelda,Pantry,ipantry29@dailymotion.com,243
sfeifer2a,Shirlee,Feifer,sfeifer2a@google.ru,243
adevany2b,Ardelis,Devany,adevany2b@pcworld.com,200
mdiboll2c,Maxie,Diboll,mdiboll2c@360.cn,123
ldensell2d,Liza,Densell,ldensell2d@examiner.com,143
gharman2e,Gery,Harman,gharman2e@chicagotribune.com,143
jkores2f,Juliette,Kores,jkores2f@fastcompany.com,123
hmaplesden2g,Huntley,Maplesden,hmaplesden2g@opera.com,687
ihovell2h,Ibrahim,Hovell,ihovell2h@guardian.co.uk,200
pbrummitt2i,Prescott,Brummitt,pbrummitt2i@businessinsider.com,687
mcarcas2j,Marianne,Carcas,mcarcas2j@globo.com,123
mjurczak2k,Monroe,Jurczak,mjurczak2k@npr.org,687
cmckeran2l,Colet,McKeran,cmckeran2l@altervista.org,687
gwoodham2m,Gerty,Woodham,gwoodham2m@symantec.com,243
cschorah2n,Colas,Schorah,cschorah2n@yandex.ru,243
etrorey2o,Ernestus,Trorey,etrorey2o@google.it,143
nmcauslan2p,Nadeen,McAuslan,nmcauslan2p@tripadvisor.com,200
mturgoose2q,Mariam,Turgoose,mturgoose2q@illinois.edu,143
hbritland2r,Hubie,Britland,hbritland2r@1und1.de,243
wskeleton2s,Web,Skeleton,wskeleton2s@springer.com,200
hdelafeld2t,Herrick,De la Feld,hdelafeld2t@typepad.com,143
lbarribal2u,Leoline,Barribal,lbarribal2u@dailymail.co.uk,687
raubri2v,Reiko,Aubri,raubri2v@nbcnews.com,143
lovise2w,Loleta,Ovise,lovise2w@symantec.com,243
sbage2x,Stevie,Bage,sbage2x@amazonaws.com,143
ylodwick2y,Yorgo,Lodwick,ylodwick2y@earthlink.net,123
ntebbet2z,Ninnetta,Tebbet,ntebbet2z@arstechnica.com,123
mbrachell30,Miran,Brachell,mbrachell30@comcast.net,243
chastler31,Cissiee,Hastler,chastler31@nhs.uk,200
hgallehawk32,Hadrian,Gallehawk,hgallehawk32@diigo.com,687
sbust33,Shela,Bust,sbust33@forbes.com,200
ghilldrup34,Goraud,Hilldrup,ghilldrup34@spotify.com,123
mmacgeaney35,Mortimer,MacGeaney,mmacgeaney35@sbwire.com,200
mneising36,Mercie,Neising,mneising36@1688.com,243
jpeterson37,Janette,Peterson,jpeterson37@amazon.co.jp,200
lfoyston38,Leia,Foyston,lfoyston38@ihg.com,243
kchurchward39,Keriann,Churchward,kchurchward39@hubpages.com,687
amcnea3a,Alexandros,McNea,amcnea3a@ucsd.edu,243
jschwaiger3b,Job,Schwaiger,jschwaiger3b@businessweek.com,243
swallentin3c,Sigismund,Wallentin,swallentin3c@bing.com,123
hprosser3d,Herta,Prosser,hprosser3d@meetup.com,143
mevason3e,Meier,Evason,mevason3e@businessweek.com,243
csnel3f,Cosmo,Snel,csnel3f@homestead.com,143
mathersmith3g,Melany,Athersmith,mathersmith3g@amazon.com,243
hjelk3h,Hedwig,Jelk,hjelk3h@aboutads.info,143
gsapey3i,Gretchen,Sapey,gsapey3i@smugmug.com,123
tcorbally3j,Tiebold,Corbally,tcorbally3j@blogspot.com,687
msey3k,Marvin,Sey,msey3k@ftc.gov,687
lgotmann3l,Laurens,Gotmann,lgotmann3l@cbsnews.com,687
agiacomini3m,Anna,Giacomini,agiacomini3m@360.cn,243
ociric3n,Ogdan,Ciric,ociric3n@nyu.edu,143
mcaldeyroux3o,Mireielle,Caldeyroux,mcaldeyroux3o@homestead.com,200
chumberstone3p,Craig,Humberstone,chumberstone3p@nbcnews.com,200
rmattessen3q,Rebbecca,Mattessen,rmattessen3q@hhs.gov,123
dfinlry3r,Dougy,Finlry,dfinlry3r@reddit.com,200
mrubert3s,Manolo,Rubert,mrubert3s@sphinn.com,687
cbebis3t,Courtnay,Bebis,cbebis3t@xing.com,687
pcotterell3u,Perla,Cotterell,pcotterell3u@tmall.com,200
tsavile3v,Tally,Savile,tsavile3v@businesswire.com,143
ependall3w,Enrica,Pendall,ependall3w@miitbeian.gov.cn,143
gmacdermott3x,Guthrie,MacDermott,gmacdermott3x@addthis.com,200
kdaniells3y,Kandy,Daniells,kdaniells3y@shareasale.com,243
sebbs3z,Stefanie,Ebbs,sebbs3z@edublogs.org,687
cbetchley40,Clayborne,Betchley,cbetchley40@live.com,123
drolfs41,Demetra,Rolfs,drolfs41@nytimes.com,687
adevile42,Alameda,De Vile,adevile42@tumblr.com,200
glabet43,Guillema,Labet,glabet43@jigsy.com,143
csirman44,Claribel,Sirman,csirman44@home.pl,687
cblankenship45,Chance,Blankenship,cblankenship45@unicef.org,687
aarchbell46,Abramo,Archbell,aarchbell46@sitemeter.com,123
gsutliff47,Grier,Sutliff,gsutliff47@list-manage.com,687
meskell48,Marlo,Eskell,meskell48@ft.com,143
kcroad49,Kevin,Croad,kcroad49@blogspot.com,143
amaymand4a,Annice,Maymand,amaymand4a@hatena.ne.jp,200
bhuertas4b,Barnabe,Huertas,bhuertas4b@mapquest.com,143
pholdforth4c,Petra,Holdforth,pholdforth4c@squarespace.com,687
smatyukon4d,Sosanna,Matyukon,smatyukon4d@php.net,687
dcharette4e,Doy,Charette,dcharette4e@mozilla.com,143
idelacote4f,Isadore,Delacote,idelacote4f@ca.gov,687
bdavidovsky4g,Bard,Davidovsky,bdavidovsky4g@plala.or.jp,143
dbrignall4h,Duke,Brignall,dbrignall4h@independent.co.uk,143
mmayer4i,Madelina,Mayer,mmayer4i@time.com,143
cgabel4j,Cindee,Gabel,cgabel4j@discuz.net,200
vduckworth4k,Vickie,Duckworth,vduckworth4k@wikia.com,200
rfloyd4l,Raeann,Floyd,rfloyd4l@vinaora.com,123
ttees4m,Toiboid,Tees,ttees4m@prweb.com,143
sshalliker4n,Sena,Shalliker,sshalliker4n@cornell.edu,687
vsains4o,Vassili,Sains,vsains4o@state.gov,123
sdownie4p,Sidonia,Downie,sdownie4p@creativecommons.org,123
smalinowski4q,Shandie,Malinowski,smalinowski4q@walmart.com,243
gnagle4r,Gilburt,Nagle,gnagle4r@omniture.com,687
bpanther4s,Blane,Panther,bpanther4s@amazon.co.uk,143
rpaulton4t,Rafe,Paulton,rpaulton4t@deviantart.com,243
hhowchin4u,Hilary,Howchin,hhowchin4u@noaa.gov,687
rchellam4v,Rubie,Chellam,rchellam4v@tuttocitta.it,200
sflageul4w,Scarlett,Flageul,sflageul4w@patch.com,687
echipperfield4x,Ebenezer,Chipperfield,echipperfield4x@mit.edu,200
agarrad4y,Annadiane,Garrad,agarrad4y@rediff.com,687
fsoutheran4z,Fax,Southeran,fsoutheran4z@is.gd,243
fandrzejewski50,Franky,Andrzejewski,fandrzejewski50@gnu.org,687
gfeake51,Garrot,Feake,gfeake51@booking.com,243
hhowship52,Hansiain,Howship,hhowship52@intel.com,687
igarlinge53,Ive,Garlinge,igarlinge53@cdbaby.com,200
aoflaverty54,Ade,O'Flaverty,aoflaverty54@gov.uk,143
csimeoli55,Caril,Simeoli,csimeoli55@slate.com,143
shartwright56,Shae,Hartwright,shartwright56@time.com,687
cwhitwell57,Cherise,Whitwell,cwhitwell57@baidu.com,687
crefford58,Cami,Refford,crefford58@narod.ru,243
glangrish59,Gerry,Langrish,glangrish59@seesaa.net,200
cmizzi5a,Christina,Mizzi,cmizzi5a@berkeley.edu,123
grodder5b,Gilberta,Rodder,grodder5b@hatena.ne.jp,143
ngiraldez5c,Nev,Giraldez,ngiraldez5c@macromedia.com,143
jslyman5d,Jessalin,Slyman,jslyman5d@drupal.org,200
jabrami5e,Jesselyn,Abrami,jabrami5e@yellowbook.com,200
randreu5f,Raymund,Andreu,randreu5f@amazon.co.jp,243
fdaskiewicz5g,Fowler,Daskiewicz,fdaskiewicz5g@upenn.edu,200
rwolsey5h,Randie,Wolsey,rwolsey5h@arstechnica.com,687
erobison5i,Etan,Robison,erobison5i@hc360.com,143
glegion5j,Gabie,Legion,glegion5j@furl.net,143
